{"cameraMode":{"drawMode":0,"name":"Shaded","section":"Shading Mode"},"sceneLighting":true,"audioPlay":false,"sceneViewState":{"showFog":true,"showMaterialUpdate":true,"showSkybox":true,"showFlares":true,"showImageEffects":true,"showParticleSystems":true},"in2DMode":false,"pivot":{"x":3.000342845916748,"y":0.5894478559494019,"z":-0.5238618850708008},"rotation":{"x":-0.2808423340320587,"y":0.0669872909784317,"z":-0.0164639875292778,"w":-0.9578112363815308},"size":5.352029323577881,"orthographic":false}