{"cameraMode":{"drawMode":0,"name":"Shaded","section":"Shading Mode"},"sceneLighting":true,"audioPlay":false,"sceneViewState":{"showFog":true,"showMaterialUpdate":true,"showSkybox":true,"showFlares":true,"showImageEffects":true,"showParticleSystems":true},"in2DMode":false,"pivot":{"x":2.473853588104248,"y":1.826305627822876,"z":-0.7837542295455933},"rotation":{"x":0.01857423223555088,"y":0.9302830696105957,"z":-0.3635007441043854,"w":0.0564272403717041},"size":5.930438041687012,"orthographic":false}